date,OT
0,1.488377219
1,0.798069463
2,0.954666276
3,1.428515931
4,0.535934057
5,1.043870999
6,-0.604153046
7,-1.107038639
8,-0.400127344
9,0.137841516
10,0.519885345
11,0.789080139
12,1.353254863
13,0.12839158
14,-0.706840332
15,0.305265734
16,0.965284594
17,-0.311168231
18,0.999440353
19,-0.647003625
20,-1.895823225
21,0.541939882
22,-1.533291986
23,1.106236502
24,-2.262937454
25,-0.610792445
26,0.329531706
27,-0.691002156
28,-0.035002251
29,1.075820547
30,-0.362061829
31,-0.624024961
32,0.655113788
33,-0.540943718
34,-0.769209835
35,0.479001285
36,-0.504672415
37,-0.226342993
38,1.743251291
39,0.869976228
40,-0.817098755
41,-0.390613187
42,-0.182717908
43,0.761119701
44,0.35758439
45,-0.801916476
46,0.417132671
47,-1.768024072
48,-0.091904229
49,0.696458418
50,0.64817509
51,-0.603228924
52,-0.182741522
53,-1.069724395
54,0.022113397
55,0.911916927
56,1.068319631
57,0.592039881
58,1.20654873
59,-2.238174309
60,-0.282110169
61,-0.650000154
62,0.648524815
63,1.280170692
64,-0.35270976
65,-0.073925296
66,2.705488592
67,-0.285410986
68,0.485966588
69,-0.696879043
70,2.257190889
71,2.191475391
72,-1.645528587
73,0.374180641
74,1.196078544
75,-1.149629798
76,1.023045756
77,-0.004487531
78,1.329969834
79,0.4946041
80,2.02994053
81,0.568284699
82,0.423823615
83,-0.150225735
84,-0.075243977
85,0.191079785
86,0.066591515
87,-0.726212626
88,-0.382280879
89,-0.142668535
90,-0.669253085
91,-0.634648325
92,-0.157678602
93,-0.513838128
94,0.122814257
95,-0.889961452
96,-1.136705948
97,-1.322297746
98,-0.677716527
99,0.569960132
100,0.328631597
101,-0.571359462
102,-0.368141674
103,0.552554194
104,0.135003292
105,0.035944157
106,-1.245616
107,0.411077877
108,-0.734699878
109,-0.54599016
110,0.337490671
111,-0.557067861
112,-0.216882188
113,-0.604946495
114,-0.244731313
115,0.167943711
116,0.482359075
117,-0.77313534
118,-0.009452245
119,-0.103900923
120,-1.369184476
121,0.75293596
122,-0.534347657
123,0.567483914
124,0.218558351
125,-0.097936033
126,0.20009335
127,0.027163754
128,0.402033738
129,0.478857137
130,-0.157133722
131,-1.322798236
132,0.349797728
133,0.441236194
134,-0.04510424
135,0.202755898
136,0.043770837
137,0.858341048
138,-2.644703333
139,-0.073630672
140,1.113653628
141,-1.287970257
142,1.872068793
143,0.99285623
144,-0.575649986
145,-0.679134902
146,-0.7465756
147,0.442885868
148,0.801858529
149,-0.572528278
150,0.02864658
151,1.018278867
152,0.155102319
153,-1.655007544
154,-0.707121596
155,-0.126587728
156,-0.347114356
157,0.518998105
158,0.302486027
159,1.098368763
160,-1.094681232
161,0.401659513
162,0.37255732
163,0.909725134
164,-1.091082293
165,-2.774687159
166,-0.131301021
167,1.482014641
168,1.416720051
169,-0.812447265
170,-0.341541697
171,-0.684013662
172,0.241238979
173,0.059007601
174,1.596189547
175,-0.856755189
176,-0.412138391
177,0.602097883
178,-2.136427823
179,0.166476729
180,-1.140460988
181,-1.415521682
182,-1.164324143
183,-1.361652262
184,-0.597556218
185,-1.339928692
186,0.619509032
187,-0.605659716
188,-0.47618603
189,0.760304747
190,-1.253719144
191,0.737259609
192,1.811657057
193,-0.196337058
194,1.104681944
195,-0.0741383
196,-0.250430083
197,-0.610623157
198,-1.190418383
199,-1.135915641
200,0.836528611
201,-0.77346558
202,-2.15318691
203,0.55414787
204,0.974605363
205,-0.029249101
206,0.915316008
207,-0.841173068
208,0.687614408
209,-0.263028666
210,-0.248219657
211,-0.891446009
212,2.380474639
213,0.530347576
214,0.52955516
215,-0.416977401
216,1.461123198
217,2.47934826
218,-0.352095944
219,0.757369327
220,-0.896433548
221,-1.418761888
222,-0.968558769
223,0.414250702
224,0.187684109
225,-0.482758677
226,0.341844949
227,0.079065754
228,1.72631491
229,-0.874457932
230,-0.558144623
231,0.617039298
232,-0.621520447
233,-1.070042054
234,-1.725543712
235,1.261354982
236,-1.213486377
237,0.43502568
238,-0.660653356
239,0.255663
240,-0.58939231
241,-0.61652765
242,1.119334189
243,-0.085968374
244,-0.238979933
245,0.244869716
246,-1.225349016
247,-1.928885498
248,1.062701787
249,-0.531773197
250,0.250075951
251,0.183698334
252,1.221805008
253,0.673902312
254,-0.825135326
255,0.808773257
256,0.308920331
257,0.513486001
258,-0.8056904
259,1.95708011
260,1.593055842
261,-0.538184793
262,0.590832449
263,0.846454078
264,1.318027819
265,1.697982087
266,0.533090876
267,-0.29148946
268,0.539583715
269,-0.023760919
270,0.206059126
271,-0.053605424
272,0.754818974
273,2.266487347
274,-1.328581339
275,-0.242749734
276,0.021825481
277,-0.435003825
278,-0.210452881
279,-0.0282071
280,-0.284084367
281,-0.380956039
282,0.30181345
283,-0.269465383
284,0.499529417
285,0.353614078
286,-0.016291443
287,2.424622178
288,0.344745503
289,0.241359669
290,0.753837166
291,-0.771823733
292,0.018570105
293,-1.166654012
294,-1.687885999
295,0.11422496
296,-0.458513311
297,-1.548077818
298,0.424412061
299,-0.506617248
300,-0.805722446
301,0.749398047
302,0.682520372
303,-0.003005389
304,-0.524600475
305,-0.336854068
306,-0.230849294
307,0.095566938
308,0.561809538
309,-0.555937945
310,-0.802939461
311,-0.188022514
312,-0.895555498
313,-1.302519711
314,0.159963102
315,-0.791569524
316,1.552848833
317,0.729967401
318,0.107903212
319,1.058763383
320,-0.521865722
321,1.172613157
322,-2.522602335
323,0.250330213
324,0.120175509
325,-1.036734311
326,0.394391395
327,-0.12024351
328,-0.572053276
329,-1.861848745
330,-0.208108533
331,-0.704162944
332,1.266614782
333,-2.13667862
334,-1.029804174
335,-0.501414445
336,0.11826788
337,-0.06509933
338,-0.71556096
339,-0.042982884
340,1.554403862
341,0.256068482
342,-1.490125847
343,-1.219332485
344,-1.386268949
345,-2.852431341
346,0.648459341
347,-0.343468571
348,0.524628608
349,-0.319704096
350,-1.037858686
351,0.708979327
352,0.779135613
353,-1.229219137
354,0.345019621
355,1.876190485
356,0.070433102
357,0.900169642
358,0.693175458
359,-1.422564488
360,0.573896415
361,-0.258777029
362,0.950724038
363,0.592860183
364,-0.262357288
365,0.331791461
366,2.112006159
367,-1.285419538
368,0.232290206
369,-1.243534832
370,3.063228432
371,0.07377254
372,0.789604223
373,0.418610658
374,-2.646030995
375,0.587760287
376,1.367048591
377,0.945620834
378,-0.098063917
379,-0.131462129
380,0.04592612
381,0.401332804
382,2.004899141
383,-0.206792428
384,0.327091627
385,-0.379293286
386,-0.125693498
387,-1.627506992
388,-1.233186387
389,-0.329500089
390,1.493798975
391,0.16563929
392,0.587940759
393,0.965781578
394,1.074215821
395,-1.054031941
396,-0.723203696
397,0.897270979
398,0.412874775
399,-0.575686274
400,-0.689467141
401,-0.748574338
402,0.036179137
403,1.753644501
404,0.404098901
405,1.6121793
406,0.392101605
407,2.562392229
408,-0.642308341
409,0.052977569
410,-0.478000533
411,-0.440183453
412,0.266009954
413,-0.379013561
414,0.541134784
415,1.037185595
416,-0.296580319
417,-0.559706594
418,-1.223342658
419,0.16373383
420,-0.2882094
421,-1.671393856
422,-1.536034026
423,-0.290745825
424,0.918245989
425,-1.290154846
426,2.285369147
427,0.684480893
428,0.553257836
429,1.217227711
430,0.01012745
431,-0.121284538
432,-0.549371468
433,0.253045567
434,0.417161421
435,-0.533419122
436,0.329419101
437,0.56512774
438,0.529734679
439,0.482360048
440,-0.300994921
441,-1.548789324
442,2.050973817
443,-0.770875532
444,-0.511192443
445,-0.224255446
446,0.938012028
447,-0.741347955
448,0.080239271
449,-0.396891756
450,0.964569417
451,0.920593224
452,0.042273292
453,1.07161704
454,-0.675983438
455,1.077601855
456,-0.969364633
457,-0.360849154
458,1.227724341
459,-1.09478494
460,-1.092599523
461,0.575542025
462,-0.870719317
463,0.256807684
464,-1.541451842
465,0.030355398
466,-1.168286517
467,0.216651735
468,-0.39761777
469,0.815439073
470,1.31421362
471,-0.282782424
472,0.667363685
473,0.431636767
474,1.226679891
475,-1.029393312
476,-0.462402063
477,-1.115426518
478,0.45829279
479,-0.694366021
480,1.374486244
481,-1.519123186
482,-0.066768638
483,2.197987282
484,0.355954738
485,0.1215488
486,0.610010423
487,-0.231273705
488,-0.440509537
489,0.056140404
490,1.003901542
491,-1.419877946
492,2.73988939
493,-0.003798696
494,-0.161892211
495,-1.307900539
496,1.279322271
497,0.254731044
498,-0.489370288
499,-2.015095364
500,1.357170228
501,0.042755813
502,0.377975024
503,1.024110264
504,-0.585835398
505,-0.706930532
506,-0.394117456
507,-1.280991421
508,-0.374545913
509,-0.601078498
510,0.232249178
511,0.314355753
512,-1.090029111
513,0.095533529
514,0.291275482
515,0.469421787
516,-1.016355926
517,-1.414593167
518,-0.090669844
519,-0.309115496
520,-0.812636679
521,-1.030207476
522,1.361931736
523,-1.222820568
524,-1.777862206
525,0.644478128
526,1.753043175
527,-0.244550963
528,1.870769389
529,0.512309849
530,1.08759489
531,-0.949797954
532,-0.782433274
533,0.115661862
534,-0.035637691
535,0.376038131
536,0.056456122
537,1.030195734
538,0.499481684
539,-1.848916187
540,-1.935103653
541,-1.059869333
542,0.607931536
543,-0.388375307
544,0.226726566
545,0.053780463
546,-1.233878262
547,-0.594738254
548,1.087552165
549,0.452590229
550,-0.419163035
551,0.304856754
552,0.252693101
553,0.057923482
554,0.220862673
555,1.66348697
556,-0.557636627
557,0.117468349
558,-1.734631553
559,1.59674412
560,0.171263325
561,-0.087260256
562,-1.234548784
563,-0.921296008
564,-1.296354108
565,-0.230159838
566,-1.353511866
567,-0.503783143
568,-0.456649487
569,-1.88528136
570,0.28342187
571,0.030435581
572,0.126102209
573,1.910714113
574,-0.76240068
575,0.614679648
576,-0.974495067
577,-1.702620805
578,1.567442861
579,1.841841606
580,0.545442279
581,0.012153744
582,0.655000302
583,0.151211886
584,1.374987349
585,0.283372135
586,-1.124246345
587,-1.922490167
588,-0.037373385
589,-0.65238845
590,-0.318825601
591,-0.644779341
592,-0.102863348
593,-0.556078244
594,-1.164571561
595,-0.642167717
596,0.14180271
597,0.201555775
598,0.089212839
599,0.414467114
600,0.388138968
601,0.111546049
602,0.225279458
603,-2.375605169
604,-1.009139193
605,-1.071120262
606,0.228554365
607,0.205678065
608,-0.041902799
609,0.687735653
610,0.106864717
611,-0.156869135
612,-0.466944751
613,-1.587378158
614,0.762563269
615,1.568422997
616,-0.055553627
617,-1.086040315
618,-0.474043188
619,0.251890139
620,-0.085704006
621,-0.337129332
622,-0.971327359
623,-0.452360928
624,0.747274484
625,0.748412197
626,-0.812867956
627,0.298629616
628,-0.2492447
629,0.632230207
630,-0.00270271
631,-0.612214641
632,-1.63104421
633,-0.159926752
634,-0.239625743
635,0.795466927
636,-0.101560819
637,-0.291157686
638,-0.468582843
639,0.156341007
640,0.95914516
641,0.099652445
642,1.56210668
643,-0.005564787
644,2.761059849
645,-0.774880085
646,-1.189158432
647,1.067026015
648,-0.625031792
649,1.168014595
650,0.141681606
651,0.580476484
652,2.409888212
653,0.171173264
654,-1.141305968
655,-0.446575638
656,-1.175371984
657,-0.37881824
658,-0.28290825
659,1.487328353
660,0.053760886
661,-1.332704926
662,-0.872979924
663,-1.099356234
664,-1.184208378
665,-1.408760747
666,0.696322127
667,-0.016571911
668,0.057332784
669,0.696180837
670,0.120718475
671,-0.252860787
672,0.901539341
673,-1.1841085
674,-1.838016935
675,0.130393008
676,1.704696283
677,1.613606359
678,-1.372236591
679,1.274390871
680,-0.843493674
681,0.66286877
682,0.018646581
683,0.481895725
684,-0.415483394
685,-0.998081994
686,0.338936648
687,0.817816275
688,-0.132493618
689,-0.01399357
690,-1.156852706
691,0.129759699
692,1.699706611
693,0.268072807
694,-0.188286882
695,-0.495419099
696,1.133395741
697,-0.71929958
698,1.54974811
699,0.016683306
700,0.898693844
701,0.91413752
702,0.548692712
703,0.062362461
704,1.232501488
705,-0.38052577
706,1.597534512
707,-1.292171005
708,-0.957385456
709,-0.647887942
710,-1.716539805
711,0.686144307
712,-0.870698873
713,-1.424505666
714,-2.065729211
715,-0.051448434
716,-0.105822807
717,0.925939807
718,0.902754951
719,-0.113891961
720,0.0671707
721,0.923632275
722,0.746411187
723,-1.843325576
724,-0.736752276
725,0.293177199
726,0.119829887
727,2.105676669
728,1.145699568
729,0.367251548
730,0.771724324
731,1.924583276
732,0.488032891
733,1.623486092
734,-1.372200906
735,-1.871757211
736,-0.109307434
737,-0.142390033
738,2.229741476
739,0.249346781
740,-0.037790153
741,-0.644553478
742,-0.590579697
743,-0.296260902
744,-1.117311233
745,0.211779784
746,-1.291961604
747,1.400769878
748,0.649354543
749,-0.262284639
750,-0.372627254
751,0.081975349
752,-2.008880619
753,0.644861552
754,-1.801238898
755,-1.236297314
756,1.961515164
757,0.410409208
758,1.391840895
759,-1.372353222
760,1.33412287
761,-0.056893
762,0.948085979
763,2.136992056
764,2.212765011
765,0.029404276
766,0.794859382
767,-0.022520772
768,0.698262193
769,-1.238600395
770,-0.318960069
771,-0.263400156
772,-1.618052335
773,0.690861937
774,0.367738265
775,0.469895267
776,-0.002007289
777,0.277367603
778,-0.882243113
779,-0.523713029
780,-1.660422022
781,0.019013414
782,-0.542470035
783,-1.30490511
784,-0.88848931
785,1.688722754
786,1.319945316
787,-1.186329718
788,-0.034290063
789,-1.187909248
790,0.66617876
791,1.334476019
792,-0.123997356
793,-0.54853369
794,-0.364605846
795,1.790983314
796,-0.26248879
797,-1.045606796
798,-0.161793344
799,0.247675823
800,-1.797224113
801,0.277346458
802,-0.563394516
803,-0.924637356
804,0.005554209
805,-0.152610092
806,0.98567009
807,0.286629443
808,0.873894128
809,0.074870874
810,-1.46700872
811,0.798313734
812,-0.370355931
813,-0.045026533
814,-1.416298325
815,2.005287696
816,0.755450422
817,-0.264014946
818,1.26449996
819,-1.4042707
820,1.233813775
821,-1.280710399
822,-0.111711813
823,0.732338611
824,0.762134681
825,-0.522939629
826,1.031141851
827,1.200375929
828,-1.148582755
829,0.225520165
830,1.600564084
831,1.020865597
832,-0.740918005
833,-1.456453733
834,0.216808829
835,1.542673857
836,-0.191984526
837,-0.928173614
838,2.169524731
839,0.109571874
840,-0.785267493
841,0.261733339
842,-0.09245658
843,0.695408348
844,0.045425713
845,-0.201639798
846,1.547770519
847,-0.393003461
848,-1.209893012
849,0.948632645
850,0.093423546
851,0.810939429
852,1.254065919
853,-1.064320047
854,0.495772858
855,1.08158342
856,0.564497873
857,-0.230454067
858,0.088302099
859,0.434871064
860,-0.157031734
861,-1.759985361
862,2.204732332
863,0.016206763
864,-1.030021981
865,0.359358866
866,-0.795593759
867,-1.310757612
868,0.178678397
869,1.909573641
870,1.629653507
871,-0.449388769
872,0.507939337
873,0.796850035
874,0.961859453
875,0.672481677
876,-1.322820846
877,1.558872592
878,0.845238925
879,-0.850378481
880,0.372773721
881,-2.703931218
882,-0.245897259
883,-0.826311308
884,1.377476642
885,1.405123947
886,1.97311404
887,0.181480005
888,-1.240719833
889,-0.586791634
890,-1.086639164
891,-1.39604955
892,1.099969724
893,-0.065053662
894,0.337431223
895,0.481659511
896,2.098101758
897,-1.223438498
898,0.06165926
899,0.037038328
900,-2.576986692
901,-0.424966885
902,1.046031853
903,-0.04139912
904,0.02778646
905,-0.777966032
906,2.226170046
907,0.622753143
908,0.601425639
909,-1.010395172
910,0.199170309
911,-0.754147732
912,-0.129077556
913,-0.443622886
914,-0.191675311
915,-0.247341271
916,-1.918798617
917,0.390178459
918,0.600563028
919,0.28681936
920,0.764790814
921,0.917506769
922,0.804955329
923,-2.396775447
924,-0.081356986
925,0.035228136
926,0.82350597
927,-0.382825496
928,0.719791723
929,1.384080158
930,-0.125627825
931,0.498537111
932,-0.671919999
933,-0.39452684
934,-0.600794605
935,0.456428733
936,-0.095009028
937,-0.809864133
938,1.299250087
939,-0.920600268
940,-1.224313448
941,-0.198689187
942,-1.362496092
943,0.611544631
944,0.415964883
945,1.084442943
946,0.877207573
947,0.735904942
948,0.133209224
949,1.675494702
950,0.829211086
951,-0.647814127
952,0.246669192
953,-1.011494448
954,0.073295831
955,0.482982841
956,-1.06187422
957,0.635258065
958,1.525417984
959,-1.145095024
960,0.5998365
961,0.361138586
962,-1.343849722
963,-0.207815294
964,-0.768452405
965,-1.546934672
966,-0.482235708
967,-0.936035888
968,-0.888530883
969,-0.091899123
970,-0.154364428
971,-2.356712596
972,0.48208441
973,-2.093716436
974,0.073745216
975,0.304751447
976,-0.374501639
977,-1.201853634
978,1.647696982
979,0.466714954
980,-0.281841817
981,1.118522003
982,0.244514291
983,-0.702013587
984,-0.485113107
985,0.484322287
986,-0.639174175
987,-1.401267196
988,2.41799085
989,1.199858973
990,0.747080627
991,1.420187097
992,-0.522374305
993,-1.795908444
994,-0.386914958
995,0.074387203
996,-0.575242823
997,0.123052712
998,-0.394160865
